A Ashish Reddy,Ammana Ashish Reddy
A Chandila,Ajit Chandila
A Chopra,Aakash Shyamlal Chopra
A Flintoff,Andrew Flintoff
A Kumble,Anil Kumble
A Mishra,Amit Mishra
A Mithun,Abhimanyu Mithun
A Mukund,Abhinav Mukund
A Nehra,Ashish Nehra
A Singh,Amit Singh
A Symonds,Andrew Symonds
A Uniyal,Amit Uniyal
A Zampa,Adam Zampa
AA Bilakhia,Azharuddin Arjun Bilakhia
AA Chavan,Ankeet Anil Chavan
AA Jhunjhunwala,Abhishek Arunkumar Jhunjhunwala
AA Noffke,Ashley Allan Noffke
AB Agarkar,Ajit Bhalchandra Agarkar
AB Barath,Adrian Boris Barath
AB Dinda,Ashok Bhimchandra Dinda
AB McDonald,Andrew Barry McDonald
AB de Villiers,Abraham Benjamin de Villiers
AC Blizzard,Aiden Craig Blizzard
AC Gilchrist,Adam Craig Gilchrist
AC Thomas,Alfonso Clive Thomas
AC Voges,Adam Charles Voges
AD Mascarenhas,Adrian Dimitri Mascarenhas
AD Mathews,Angelo Davis Mathews
AD Nath,Akashdeep Deependra Nath
AD Russell,Andre Dwayne Russell
AG Murtaza,Ali Ghulam Murtaza
AG Paunikar,Amit Gajanan Paunikar
AJ Finch,Aaron James Finch
AL Menaria,Ashok Lakshminarayan Menaria
AM Nayar,Abhishek Mohan Nayar
AM Rahane,Ajinkya Madhukar Rahane
AN Ahmed,Abu Nachim Ahmed
AN Ghosh,Arindam Nanigopal Ghosh
AP Dole,Aditya Pradeep Dole
AP Majumdar,Anustup Prabir Majumdar
AP Tare,Aditya Prakash Tare
AR Patel,Akshar Rajeshbhai Patel
AS Rajpoot,Ankitsingh Rajpoot
AS Raut,Abhishek Santosh Raut
AS Yadav,Arjun Shivlal Yadav
AT Rayudu,Ambati Thirupathi Rayudu
AUK Pathan,Asadullah Khan Pathan
Abdur Razzak,Khan Abdur Razzak
Anirudh Singh,Anirudh Singh
Ankit Sharma,Ankit Nagendra Sharma
Anureet Singh,Kathuria Anureet Singh
Azhar Mahmood,Azhar Mahmood Sagar
B Akhil,Balachandra Akhil
B Chipli,Bharat Chipli
B Kumar,Bhuvneshwar Kumar Singh
B Laughlin,Ben Laughlin
B Lee,Brett Lee
B Sumanth,Bodapati Apparao Sumanth
BA Bhatt,Bhargav Ashokbhai Bhatt
BAW Mendis,Balapuwaduge Ajantha Winslo Mendis
BB McCullum,Brendon Barrie McCullum
BB Samantray,Biplab Bipin Samantray
BB Sran,Barinder Sran
BCJ Cutting,Benjamin Colin James Cutting
BE Hendricks,Beuran Eric Hendricks
BJ Haddin,Bradley James Haddin
BJ Hodge,Bradley John Hodge
BJ Rohrer,Ben James Rohrer
BMAJ Mendis,Balapuwaduge Manukulasuriya Amith Jeewan Mendis
BR Dunk,Ben Robert Dunk
Bipul Sharma,Bipul Sharma
C Madan,Chandan Madan
C Munro,Colin Munro
C Nanda,Chetanya Nanda
CA Ingram,Colin Alexander Ingram
CA Lynn,Christopher Austin Lynn
CA Pujara,Cheteshwar Arvindbhai Pujara
CH Gayle,Christopher Henry Gayle
CH Morris,Christopher Henry Morris
CJ Anderson,Corey James Anderson
CJ Ferguson,Callum James Ferguson
CJ Jordan,Christopher James Jordan
CJ McKay,Clinton James McKay
CK Kapugedera,Chamara Kantha Kapugedera
CK Langeveldt,Charl Kenneth Langeveldt
CL White,Cameron Leon White
CM Gautam,Chidambaram Muralidharan Gautam
CR Brathwaite,Carlos Ricardo Brathwaite
CRD Fernando,Congenige Randhi Dilhara Fernando
D Kalyankrishna,Doddapaneni Kalyankrishna
D Salunkhe,Dinesh Salunkhe
D Wiese,David Wiese
D du Preez,Dillon du Preez
DA Miller,David Andrew Miller
DA Warner,David Andrew Warner
DAJ Bracewell,Douglas Andrew John Bracewell
DB Das,Debabrata Baidya Das
DB Ravi Teja,Dharaka Bhanidipati Ravi Teja
DE Bollinger,Douglas Erwin Bollinger
DH Yagnik,Dishant Harendra Yagnik
DJ Bravo,Dwayne John Bravo
DJ Harris,Daniel Joseph Harris
DJ Hooda,Deepak Hooda
DJ Hussey,David John Hussey
DJ Jacobs,David Johan Jacobs
DJ Muthuswami,Domnic Joseph Muthuswami
DJ Thornely,Dominic John Thornely
DJG Sammy,Darren Julius Garvey Sammy
DL Vettori,Daniel Luca Vettori
DNT Zoysa,Demuni Nuwan Tharanga Zoysa
DP Nannes,Dirk Peter Nannes
DP Vijaykumar,Paidikalva David Vijaykumar
DPMD Jayawardene,Denagamage Proboth Mahela de Silva Jayawardene
DR Martyn,Damien Richard Martyn
DR Smith,Dwayne Romel Smith
DS Kulkarni,Dhawal Sunil Kulkarni
DS Lehmann,Darren Scott Lehmann
DT Christian,Daniel Trevor Christian
DT Patil,Devraj Thyagaraj Patil
DW Steyn,Dale Willem Steyn
EJG Morgan,Eoin Joseph Gerard Morgan
ER Dwivedi,Eklavya Rakesh Dwivedi
F Behardien,Farhaan Behardien
F du Plessis,Francois du Plessis
FH Edwards,Fidel Henderson Edwards
FY Fazal,Faiz Yakub Fazal
G Gambhir,Gautam Gambhir
GB Hogg,George Bradley Hogg
GC Smith,Graeme Craig Smith
GD McGrath,Glenn Donald McGrath
GH Vihari,Gade Hanuma Vihari
GJ Bailey,George John Bailey
GJ Maxwell,Glenn James Maxwell
GR Napier,Graham Richard Napier
Gurkeerat Singh,Gurkeerat Singh Mann
H Das,Halhadar Michu Das
HH Gibbs,Herschelle Herman Gibbs
HH Pandya,Hardik Himanshu Pandya
HM Amla,Hashim Mahomed Amla
HV Patel,Harshal Vikrambhai Patel
Harbhajan Singh,Harbhajan Singh
Harmeet Singh,Harmeet Singh Bansal
Harpreet Singh,Harpreet Singh Bhatia
I Malhotra,Ishan Malhotra
I Sharma,Ishant Sharma
IC Pandey,Ishwar Chand Pandey
IK Pathan,Irfan Khan Pathan
IR Jaggi,Ishank Rajiv Jaggi
Imran Tahir,Mohammad Imran Tahir
Iqbal Abdulla,Sayed Iqbal Abdulla
Ishan Kishan,Ishan Pranavkumarpandey Kishan
J Arunkumar,Jagadeesh Arunkumar
J Botha,Johan Botha
J Suchith,Jagadeesha Suchith
J Syed Mohammad,Jamaluddin Syed Mohammad
J Theron,Juan Theron
J Yadav,Jayant Yadav
JA Morkel,Johannes Albertus Morkel
JC Buttler,Joseph Charles Buttler
JD Ryder,Jesse Daniel Ryder
JD Unadkat,Jaydev Dipakbhai Unadkat
JDP Oram,Jacob David Philip Oram
JDS Neesham,James Douglas Sheehan Neesham
JE Taylor,Jerome Everton Taylor
JEC Franklin,James Edward Charles Franklin
JH Kallis,Jacques Henry Kallis
JJ Bumrah,Jasprit Jasbirsingh Bumrah
JJ van der Wath,Johannes Jacobus van der Wath
JM Kemp,Justin Miles Kemp
JO Holder,Jason Omar Holder
JP Duminy,Jean-Paul Duminy
JP Faulkner,James Peter Faulkner
JR Hopes,James Redfern Hopes
Jaskaran Singh,Jaskaran Singh Butta
Joginder Sharma,Joginder Sharma
K Goel,Karan Goel
K Upadhyay,Krishnakant Rameshwar Upadhyay
KA Pollard,Kieron Adrian Pollard
KAJ Roach,Kemar Andre Jamal Roach
KB Arun Karthik,Konda Bhaskar Arun Karthik
KC Cariappa,Konganda Charamanna Cariappa
KC Sangakkara,Kumar Chokshanada Sangakkara
KD Karthik,Krishankumar Dinesh Karthik
KH Pandya,Krunal Himashu Pandya
KJ Abbott,Kyle John Abbott
KK Cooper,Kevon Keston Cooper
KK Nair,Karun Kaladharan Nair
KL Rahul,Kannur Lokesh Rahul
KM Jadhav,Kedar Mahadeo Jadhav
KMDN Kulasekara,Kulasekara Mudiyanselage Dinesh Nuwan Kulasekara
KP Appanna,Kotragada Prabhu Appanna
KP Pietersen,Kevin Peter Pietersen
KS Williamson,Kane Stuart Williamson
KV Sharma,Karn Vinod Sharma
KW Richardson,Kane William Richardson
Kamran Akmal,Kamran Akmal
Kamran Khan,Kamran Khan
Karanveer Singh,Karanveer Singh
L Balaji,Lakshmipathy Balaji
L Ronchi,Luke Ronchi
LA Carseldine,Lee Andrew Carseldine
LA Pomersbach,Luke Anthony Pomersbach
LJ Wright,Luke James Wright
LMP Simmons,Lendl Mark Platter Simmons
LPC Silva,Lindamlilage Prageeth Chamara Silva
LR Shukla,Laxmi Ratan Shukla
LRPL Taylor,Luteru Ross Poutoa Lote Taylor
M Ashwin,Murugan Ashwin
M Kaif,Mohammad Kaif
M Kartik,Murali Kartik
M Klinger,Michael Klinger
M Manhas,Mithun Manhas
M Morkel,Morne Morkel
M Muralitharan,Muttiah Muralitharan
M Ntini,Makhaya Ntini
M Rawat,Mahesh Rawat
M Vijay,Murali Vijay
M Vohra,Manan Vohra
M de Lange,Marchant de Lange
MA Agarwal,Mayank Anurag Agarwal
MA Khote,Musavir Asmat Khote
MA Starc,Mitchell Aaron Starc
MC Henriques,Moises Constantino Henriques
MC Juneja,Manprit Charanjit Juneja
MD Mishra,Mohnish Dinesh Mishra
MDKJ Perera,Mathurage Don Kusal Janith Perera
MEK Hussey,Michael Edward Killeen Hussey
MF Maharoof,Mohamed Farveez Maharoof
MG Johnson,Mitchell Guy Johnson
MJ Clarke,Michael John Clarke
MJ Guptill,Martin James Guptill
MJ Lumb,Michael John Lumb
MJ McClenaghan,Mitchell John McClenaghan
MK Pandey,Manish Krishnanand Pandey
MK Tiwary,Manoj Kumar Tiwary
ML Hayden,Matthew Lawrence Hayden
MM Patel,Munaf Musa Patel
MM Sharma,Mohit Sharma
MN Samuels,Marlon Nathaniel Samuels
MN van Wyk,Morne Nico van Wyk
MP Stoinis,Marcus Peter Stoinis
MR Marsh,Mitchell Ross Marsh
MS Bisla,Manvinder Bisla
MS Dhoni,Mahendra Singh Dhoni
MS Gony,Manpreet Singh Gony
MS Wade,Matthew Scott Wade
MV Boucher,Mark Verdon Boucher
Mandeep Singh,Mandeep Singh
Mashrafe Mortaza,Mashrafe Bin Mortaza
Misbah-ul-Haq,Misbah-ul-Haq Khan Niazi
Mohammad Ashraful,Mohammad Ashraful
Mohammad Asif,Mohammad Asif
Mohammad Hafeez,Mohammad Hafeez
Mohammed Shami,Mohammed Shami
N Rana,Nitish Rana
N Saini,Nitin Saini
ND Doshi,Nayan Dilip Doshi
NJ Maddinson,Nicolas James Maddinson
NJ Rimmington,Nathan John Rimmington
NK Patel,Niraj Kanubhai Patel
NL McCullum,Nathan Leslie McCullum
NLTC Perera,Narangoda Liyanaarachchilage Tissara Chirantha Perera
NM Coulter-Nile,Nathan Mitchell Coulter-Nile
NS Naik,Nikhil Shankar Naik
NV Ojha,Naman Vijaykumar Ojha
OA Shah,Owais Alam Shah
P Awana,Parvinder Awana
P Dogra,Paras Dogra
P Kumar,Praveenkumar Sakat Singh
P Negi,Pawan Negi
P Parameswaran,Prasanth Parameswaran
P Sahu,Pardeep Sahu
PA Patel,Parthiv Ajaybhai Patel
PA Reddy,Produturi Akshath Reddy
PC Valthaty,Paul Chandrasekhar Valthaty
PD Collingwood,Paul David Collingwood
PJ Cummins,Patrick James Cummins
PJ Sangwan,Pradeep Sangwan
PM Sarvesh Kumar,Patangay Manikrao Sarvesh Kumar
PP Chawla,Piyush Pramod Chawla
PP Ojha,Pragyan Prayish Ojha
PR Shah,Pinal Rohitbhai Shah
PSP Handscomb,Peter Stephen Patrick Handscomb
PV Tambe,Pravin Vijay Tambe
Pankaj Singh,Pankaj Singh
Parvez Rasool,Parvez Rasool Zarghav
Q de Kock,Quinton de Kock
R Ashwin,Ravichandran Ashwin
R Bhatia,Rajat Bhatia
R Bishnoi,Rajesh Kinyaram Bishnoi
R Dhawan,Rishi Dhawan
R Dravid,Rahul Sharad Dravid
R McLaren,Ryan McLaren
R Ninan,Ryan Ninan
R Rampaul,Ravindranath Rampaul
R Sathish,Rajagopal Sathish
R Sharma,Rahul Sharma
R Shukla,Rahul Artiprasad Shukla
R Tewatia,Rahul Tewatia
R Vinay Kumar,Ranganath Vinay Kumar
RA Jadeja,Ravindrasinh Anirudhsinh Jadeja
RE Levi,Richard Ernst Levi
RE van der Merwe,Roelof Erasmus van der Merwe
RG More,Ronit Gajanan More
RG Sharma,Rohit Gurunath Sharma
RJ Harris,Ryan James Harris
RJ Peterson,Robin John Peterson
RJ Quiney,Robert John Quiney
RN ten Doeschate,Ryan Neil ten Doeschate
RP Singh,Rudra Pratap Singh
RR Bhatkal,Raju Ravi Bhatkal
RR Pant,Rishabh Rajendra Panth
RR Powar,Ramesh Rajaram Powar
RR Raje,Rohan Ravindra Raje
RR Rossouw,Rilee Roscoe Rossouw
RR Sarwan,Ramnaresh Ronnie Sarwan
RS Bopara,Ravinder Singh Bopara
RS Gavaskar,Rohan Sunil Gavaskar
RS Sodhi,Reetinder Singh Sodhi
RT Ponting,Ricky Thomas Ponting
RV Gomez,Raiphi Vincent Gomez
RV Uthappa,Robin Venu Uthappa
S Aravind,Sreenath Aravind
S Badrinath,Subramaniam Badrinath
S Chanderpaul,Shivnarine Chanderpaul
S Dhawan,Shikhar Dhawan
S Gopal,Ramsawamy Shreyas Gopal
S Kaul,Siddharth Kaul
S Kaushik,Shivil Kaushik
S Ladda,Sarabjit Singh Ladda
S Nadeem,Shahbaz Nadeem
S Narwal,Sumit Narwal
S Rana,Sachin Rana
S Randiv,Hewa Kaluhalmullage Suraj Randiv Kaluhalamulla
S Sohal,Sunny Sohal
S Sreesanth,Shanthakumaran Sreesanth
S Sriram,Sridharan Sriram
S Tyagi,Sudeep Tyagi
SA Abbott,Sean Anthony Abbott
SA Asnodkar,Swapnil Ashok Asnodkar
SA Yadav,Suryakumar Ashok Yadav
SB Bangar,Sanjay Bapusaheb Bangar
SB Jakati,Shadab Bashir Jakati
SB Joshi,Sunil Bandacharya Joshi
SB Styris,Scott Bernard Styris
SB Wagh,Shrikant Bhaskar Wagh
SC Ganguly,Sourav Chandidas Ganguly
SD Chitnis,Siddharth Dilip Chitnis
SE Bond,Shane Edward Bond
SE Marsh,Shaun Edward Marsh
SJ Srivastava,Shalabh Jagdishprasad Srivastava
SK Raina,Suresh Kumar Raina
SK Trivedi,Siddharth Kishorkumar Trivedi
SK Warne,Shane Keith Warne
SL Malinga,Separamadu Lasith Malinga Swarnajith
SM Harwood,Shane Michael Harwood
SM Katich,Simon Mathew Katich
SM Pollock,Shaun Maclean Pollock
SMSM Senanayake,Senanayake Mudiyanselage Sachithra Madhushanka Senanayake
SN Khan,Sarfaraz Naushad Khan
SN Thakur,Shardul Narendra Thakur
SP Fleming,Stephen Paul Fleming
SP Goswami,Shreevats Pratyush Goswami
SP Narine,Sunil Philip Narine
SPD Smith,Steven Peter Devereux Smith
SR Tendulkar,Sachin Ramesh Tendulkar
SR Watson,Shane Robert Watson
SS Iyer,Shreyas Santosh Iyer
SS Shaikh,Shoaib Shabbir Shaikh
SS Tiwary,Saurabh Sunil Tiwary
ST Jayasuriya,Sanath Teran Jayasuriya
STR Binny,Stuart Terence Roger Binny
SV Samson,Sanju Viswanath Samson
SW Billings,Samuel William Billings
SW Tait,Shaun William Tait
Sachin Baby,Sachin Baby
Salman Butt,Salman Butt
Sandeep Sharma,Sandeep Sharma
Shahid Afridi,Sahibzada Mohammad Shahid Khan Afridi
Shakib Al Hasan,Shakib Al Hasan
Shivam Sharma,Shivam Sharma
Shoaib Ahmed,Syed Mohammad Shoaib Ahmed
Shoaib Akhtar,Shoaib Akhtar
Shoaib Malik,Shoaib Malik
Sohail Tanvir,Sohail Tanvir
Sunny Gupta,Sunny Suresh Gupta
Sunny Singh,Sunny Singh
Swapnil Singh,Swapnil Kamlesh Singh
T Henderson,Tyron Henderson
T Kohli,Taruwar Kohli
T Taibu,Tatenda Taibu
T Thushara,Magina Thilan Thushara Mirando
TD Paine,Timothy David Paine
TG Southee,Timothy Grant Southee
TL Suman,Tirumalasetti Laxminarayana Suman
TM Dilshan,Tillakaratne Mudiyanselage Dilshan
TM Head,Travis Michael Head
TM Srivastava,Tanmay Manoj Srivastava
TR Birt,Travis Rodney Birt
U Kaul,Uday Kaul
UA Birla,Udit Alok Birla
UBT Chand,Unmukt Chand
UT Khawaja,Usman Tariq Khawaja
UT Yadav,Umeshkumar Tilak Yadav
Umar Gul,Umar Gul
V Kohli,Virat Kohli
V Pratap Singh,Veer Pratap Singh
V Sehwag,Virender Sehwag
VH Zol,Vijay Hari Zol
VR Aaron,Varun Raymond Aaron
VRV Singh,Vikram Rajvir Singh
VS Malik,Vikramjeet Malik
VS Yeligati,Vikrant Shyam Yeligati
VVS Laxman,Vangipurappu Venkata Sai Laxman
VY Mahesh,Vijaykumar Yo Mahesh
W Jaffer,Wasim Jaffer
WA Mota,Wilkin Arvind Mota
WD Parnell,Wayne Dillon Parnell
WP Saha,Wriddhaman Prasanta Saha
WPUJC Vaas,Warnakulasuriya Patabendige Ushantha Joseph Chaminda Vaas
X Thalaivan Sargunam,Xavier Thalaivan Sargunam
Y Gnaneswara Rao,Yalaka Gnaneswara Rao
Y Nagar,Yogesh Nagar
Y Venugopal Rao,Yalaka Venugopal Rao
YA Abdulla,Yusuf Adam Abdulla
YK Pathan,Yusuf Khan Pathan
YS Chahal,Yuzvendra Singh Chahal
YV Takawale,Yogesh Vijay Takawale
Yashpal Singh,Yashpal Singh
Younis Khan,Mohammad Younis Khan
Yuvraj Singh,Yuvraj Singh
Z Khan,Zaheer Khan
S Anirudha,Anirudh Srikkanth
S Vidyut,Vidyut Sivaramakrishnan
L Ablish,Lovesh Ablash
